tenThietBi,tenLoai,soSerial,model,hangSanXuat,tenViTri,maLo,trangThai,giaMua,ngayBatDauBaoHanh,ngayHetBaoHanh,moTa
Máy tiện CNC 2 trục Haas ST-10,CNC,CNC-HAAS-ST10-2026,ST-10,Haas Automation,,LN-20260825,DANG_HOAT_DONG,320000000,2026-01-01,2028-01-01,Máy tiện CNC gia công chi tiết trục chính xác
Máy phay CNC 5 trục Haas VF-4SS,CNC,CNC-HAAS-VF4-2026,VF-4SS,Haas Automation,,LN-20260825,DANG_HOAT_DONG,850000000,2026-01-15,2029-01-15,Trung tâm phay 5 trục tốc độ cao 12000 rpm
Máy cắt dây CNC Sodick ALC600G,CNC,CNC-SOD-ALC6-2026,ALC600G Premium,"Sodick Co., Ltd",,LN-20260825,DANG_HOAT_DONG,720000000,2026-02-01,2028-02-01,Máy gia công tia lửa điện cắt dây Wire EDM
Robot hàn công nghiệp 6 bậc KUKA KR 16,Robot công nghiệp,ROB-KUKA-KR16-2026,KR-16-R1610,KUKA Robotics,,LN-20260825,DANG_HOAT_DONG,380000000,2026-02-10,2028-02-10,Tay máy robot hàn điểm và hàn đường liên tục
Robot gắp thả phôi tự động ABB IRB 2600,Robot công nghiệp,ROB-ABB-IRB26-2026,IRB-2600-12/1.65,ABB Robotics,,LN-20260825,DANG_HOAT_DONG,420000000,2026-02-15,2028-02-15,Robot cấp phôi tự động cho cụm máy CNC
Robot cộng tác Universal Robots UR10e,Robot công nghiệp,ROB-UR-UR10E-2026,UR10e Cobot,Universal Robots,,LN-20260825,DANG_HOAT_DONG,350000000,2026-03-01,2028-03-01,Cobot hỗ trợ công nhân lắp ráp an toàn không cần rào chắn
Máy ép thủy lực 4 trụ 200 tấn Amada,Máy ép & Dập kim loại,MEP-AMD-H200-2026,HFP-200T,Amada Machinery,,LN-20260825,DANG_HOAT_DONG,540000000,2026-03-10,2028-03-10,Máy ép định hình kim loại tấm công suất lớn
Máy dập cơ trục khuỷu AIDA 110 tấn,Máy ép & Dập kim loại,MEP-AIDA-NC110-2026,NC1-110(2),AIDA Engineering,,LN-20260825,DANG_HOAT_DONG,480000000,2026-03-15,2028-03-15,Máy dập dập cắt tạo phôi kim loại tốc độ 60 nhát/phút
Máy hàn Laser cầm tay 1500W Maxphotonics,Máy hàn công nghiệp,MHA-MAX-HW15-2026,HW-1500W,Maxphotonics,,LN-20260825,DANG_HOAT_DONG,135000000,2026-03-20,2027-03-20,Hệ thống hàn Laser sợi quang cầm tay độ ngấu cao
Máy hàn MIG/MAG tự động Fronius TPS 400i,Máy hàn công nghiệp,MHA-FRO-TPS400-2026,TPS-400i CMT,Fronius International,,LN-20260825,DANG_HOAT_DONG,190000000,2026-04-01,2028-04-01,Nguồn hàn xung thông minh kỹ thuật số CMT không bắn tóe
Máy nén khí trục vít biến tần Atlas Copco GA 37 VSD,Hệ thống khí nén,HKN-AC-GA37-2026,GA-37-VSD+,Atlas Copco,,LN-20260825,DANG_HOAT_DONG,260000000,2026-04-10,2028-04-10,Cung cấp nguồn khí nén áp suất 8 bar tiết kiệm 50% điện
Máy sấy khí hấp phụ SMC IDFA 75E,Hệ thống khí nén,HKN-SMC-IDFA75-2026,IDFA75E-23,SMC Corporation,,LN-20260825,DANG_HOAT_DONG,85000000,2026-04-15,2027-04-15,Hệ thống làm khô và lọc tách ẩm khí nén đầu ra
Lò tôi chân không nhiệt luyện IHI Abaris,Hệ thống nhiệt luyện,HNL-IHI-AVH200-2026,AVH-200,IHI Machinery,,LN-20260825,DANG_HOAT_DONG,1150000000,2026-04-20,2029-04-20,Lò xử lý nhiệt luyện chân không nhiệt độ tối đa 1300 độ C
Lò ủ ram nhiệt luyện điện trở Nabertherm,Hệ thống nhiệt luyện,HNL-NAB-N650-2026,N-650/85HA,Nabertherm GmbH,,LN-20260825,DANG_HOAT_DONG,460000000,2026-05-01,2028-05-01,Lò ủ đồng đều nhiệt độ bằng đối lưu cưỡng bức
Hệ thống băng tải con lăn xếp tự động Interroll,Băng tải & Truyền động,BTC-INT-RL500-2026,RollerDrive EC5000,Interroll Group,,LN-20260825,DANG_HOAT_DONG,180000000,2026-05-10,2028-05-10,Băng tải con lăn phân loại hàng tự động
Xe tự hành dẫn đường AGV chở pallet 1 tấn,Băng tải & Truyền động,BTC-HIK-AGV1T-2026,AGV-L1000 Slam,Hikrobot,,LN-20260825,DANG_HOAT_DONG,290000000,2026-05-15,2028-05-15,Xe AGV tự động vận chuyển thùng phôi giữa các xưởng
Máy làm lạnh nước công nghiệp Daikin Chiller 50HP,Hệ thống làm mát & Chiller,HLM-DAI-CH50-2026,UATYQ50MCY1,Daikin Industries,,LN-20260825,DANG_HOAT_DONG,340000000,2026-05-20,2028-05-20,Cung cấp nước lạnh 7 độ C làm mát máy phay CNC và máy hàn
Tháp giải nhiệt nước tuần hoàn Liang Chi 100RT,Hệ thống làm mát & Chiller,HLM-LC-100RT-2026,LBC-100,Liang Chi Cooling,,LN-20260825,DANG_HOAT_DONG,120000000,2026-06-01,2027-06-01,Tháp tản nhiệt giải nhiệt lưu lượng nước 780 l/phút
Cầu trục dầm đôi 10 tấn KG Cranes,Thiết bị nâng hạ,TBN-KG-CR10T-2026,KG-10TD,KG Cranes Korea,,LN-20260825,DANG_HOAT_DONG,420000000,2026-06-10,2029-06-10,Cầu trục gian xưởng khẩu độ 24m nâng phôi đúc nặng
Xe nâng điện đứng lái Komatsu 2.5 tấn,Thiết bị nâng hạ,TBN-KOM-FB25-2026,FB25EX-11,Komatsu Forklift,,LN-20260825,DANG_HOAT_DONG,380000000,2026-06-15,2028-06-15,Xe nâng điện pin Lithium di chuyển pallet trong kho thành phẩm
Máy đo tọa độ không gian 3D CMM Mitutoyo,Thiết bị đo lường & CMM,TBD-MIT-CMM574-2026,Crysta-Apex V574,Mitutoyo Corporation,,LN-20260825,DANG_HOAT_DONG,890000000,2026-07-01,2029-07-01,Máy đo CMM độ chính xác hiển vi cấp độ micro mét cho QA/QC
Máy quét 3D quang học độ chính xác cao Creaform,Thiết bị đo lường & CMM,TBD-CRE-HSCAN7-2026,HandySCAN 700|Black,Creaform Ametek,,LN-20260825,DANG_HOAT_DONG,620000000,2026-07-10,2028-07-10,Máy scan 3D Laser cầm tay quét kiểm tra biến dạng chi tiết đúc
Máy dán băng dính và đóng thùng carton Chuen An,Dây chuyền đóng gói,DCG-CA-CT50-2026,CT-503 Auto,Chuen An Machinery,,LN-20260825,DANG_HOAT_DONG,110000000,2026-07-15,2028-07-15,Máy gấp dán đáy nắp thùng carton tự động
Máy quấn màng co pallet tự động Robopac,Dây chuyền đóng gói,DCG-ROB-ROTO-2026,Rotoplat 508,Robopac System,,LN-20260825,DANG_HOAT_DONG,165000000,2026-08-01,2028-08-01,Máy bọc màng căng pallet chống ẩm trước khi xuất kho
Máy in phun date và mã vạch công nghiệp Domino,Dây chuyền đóng gói,DCG-DOM-AX35-2026,Ax350i CIJ,Domino Printing,,LN-20260825,DANG_HOAT_DONG,95000000,2026-08-10,2028-08-10,Máy in phun ký mã hiệu ngày sản xuất và mã QR/Barcode bao bì